Female,Dachun,25090.869140625,25090.869140625,25090.87,25090.87
Female,Trollhättan,106623.369140625,53311.6845703125,26830.47,79792.9
Male,Wenshao,18941.509765625,18941.509765625,18941.51,18941.51
Female,Lanas,13765.900390625,13765.900390625,13765.9,13765.9
Male,Mörön,77940.078125,77940.078125,77940.08,77940.08
Female,Same,73369.7265625,73369.7265625,73369.73,73369.73
Female,Sawahan,24608.83984375,24608.83984375,24608.84,24608.84
Male,Monte da Boavista,98586.71875,98586.71875,98586.72,98586.72
Female,Nusajaya,71637.921875,71637.921875,71637.92,71637.92
Female,Kista,96192.3984375,96192.3984375,96192.4,96192.4
Male,Pittsburgh,83121.890625,83121.890625,83121.89,83121.89
Male,Neftegorsk,97531.46875,97531.46875,97531.47,97531.47
Female,Yanaoca,54906.21875,54906.21875,54906.22,54906.22
Male,Tambo,40264.91015625,40264.91015625,40264.91,40264.91
Male,Mytishchi,63863.08984375,63863.08984375,63863.09,63863.09
Male,Pedra,73921.328125,73921.328125,73921.33,73921.33
Female,Dhaka,68368.546875,68368.546875,68368.55,68368.55
Male,Mosteiros,62508.87109375,62508.87109375,62508.87,62508.87
Male,Roanne,93339.9921875,93339.9921875,93339.99,93339.99
Female,Eindhoven,24042.099609375,24042.099609375,24042.1,24042.1
Female,Sanzao,70049.46875,70049.46875,70049.47,70049.47
Female,Santa Rosa,47887.0703125,47887.0703125,47887.07,47887.07
Male,Rongxing,36273.80078125,36273.80078125,36273.8,36273.8
Male,Tangkou,85083.3984375,85083.3984375,85083.4,85083.4
Male,Chalan Pago-Ordot Village,72777.4765625,72777.4765625,72777.48,72777.48
Female,San Isidro,83451.7421875,83451.7421875,83451.74,83451.74
Female,Vasilikón,97121.8125,97121.8125,97121.81,97121.81
Male,Quán Hàu,70236.328125,70236.328125,70236.33,70236.33
Female,Tambakrejo,22750.5,22750.5,22750.5,22750.5
Male,Bīr Zayt,49488.578125,49488.578125,49488.58,49488.58
Male,Shangjing,55711.37890625,55711.37890625,55711.38,55711.38
Male,Núi Sập,36160.91015625,36160.91015625,36160.91,36160.91
Female,St. Anton an der Jeßnitz,89421.0078125,89421.0078125,89421.01,89421.01
Male,Novobiryusinskiy,81698.25,81698.25,81698.25,81698.25
Male,Porsgrunn,63518.6484375,63518.6484375,63518.65,63518.65
Male,Cipeundeuy,90248.34375,90248.34375,90248.34,90248.34
Male,Wieczfnia Kościelna,91685.3203125,91685.3203125,91685.32,91685.32
Male,San Vicente,54163.62890625,54163.62890625,54163.63,54163.63
Female,Hezuoqiao,92187.96875,92187.96875,92187.97,92187.97
Female,Krasnogvardeyets,17541.83984375,17541.83984375,17541.84,17541.84
Female,Blagoevgrad,86391.8203125,86391.8203125,86391.82,86391.82
Female,Golynki,35622.75,35622.75,35622.75,35622.75
Male,Oytal,89363.0078125,89363.0078125,89363.01,89363.01
Male,Phra Khanong,29440.470703125,29440.470703125,29440.47,29440.47
Female,Kishiwada,93177.7890625,93177.7890625,93177.79,93177.79
Male,Iraquara,82493.921875,82493.921875,82493.92,82493.92
Female,La Ravoire,13678.169921875,13678.169921875,13678.17,13678.17
Male,Duzhou,66832.921875,66832.921875,66832.92,66832.92
Male,Burgau,42895.44921875,42895.44921875,42895.45,42895.45
Male,Monze,17134.9609375,17134.9609375,17134.96,17134.96
Male,San Narciso,20781.119140625,20781.119140625,20781.12,20781.12
Male,Hägersten,55313.1796875,55313.1796875,55313.18,55313.18
Male,Vila Viçosa,44675.96875,44675.96875,44675.97,44675.97
Male,Sawahbaru,99013.7109375,99013.7109375,99013.71,99013.71
Male,Hyrynsalmi,52068.96875,52068.96875,52068.97,52068.97
Male,Nowosielce-Gniewosz,38098.5,38098.5,38098.5,38098.5
Female,Esteio,81976.7265625,81976.7265625,81976.73,81976.73
Male,Khong,67614.2578125,67614.2578125,67614.26,67614.26
Female,Caromatan,12772.66015625,12772.66015625,12772.66,12772.66
Male,Pont-à-Mousson,88624.96875,88624.96875,88624.97,88624.97
Female,Trail,24315.720703125,24315.720703125,24315.72,24315.72
Female,Brampton,91924.46875,91924.46875,91924.47,91924.47
Female,Badarganj,85368.5234375,85368.5234375,85368.52,85368.52
Male,Takeo,79038.71875,79038.71875,79038.72,79038.72
Female,Tebingtinggi,52767.76953125,52767.76953125,52767.77,52767.77
Male,Karangtawar,99638.9921875,99638.9921875,99638.99,99638.99
Female,Tielou,87248.53125,87248.53125,87248.53,87248.53
Female,Miðvágur,60651.48046875,60651.48046875,60651.48,60651.48
Female,Lakateng,35089.05078125,35089.05078125,35089.05,35089.05
Female,Vose’,32389.919921875,32389.919921875,32389.92,32389.92
Male,Dubá,28119.279296875,28119.279296875,28119.28,28119.28
Female,Kampene,95927.2265625,95927.2265625,95927.23,95927.23
Female,Phanat Nikhom,92586.9375,92586.9375,92586.94,92586.94
Female,Banjar Banyualit,57365.1015625,57365.1015625,57365.1,57365.1
Male,Kisoro,54239.26953125,54239.26953125,54239.27,54239.27
Female,Vodňany,64781.2890625,64781.2890625,64781.29,64781.29
Male,Bajingmeduro,11652.990234375,11652.990234375,11652.99,11652.99
Male,Ribeirinha,90193.5625,90193.5625,90193.56,90193.56
Female,Rancho Nuevo,49228.23828125,49228.23828125,49228.24,49228.24
Male,Rožmitál pod Třemšínem,25529.880859375,25529.880859375,25529.88,25529.88
Male,Toroy,62848.87109375,62848.87109375,62848.87,62848.87
Female,Chōfugaoka,72918.1171875,72918.1171875,72918.12,72918.12
Female,Reriz,26769.810546875,26769.810546875,26769.81,26769.81
Male,Dikwa,39694.921875,39694.921875,39694.92,39694.92
Female,Caoyan,20097.83984375,20097.83984375,20097.84,20097.84
Female,Kítsi,31388.0703125,31388.0703125,31388.07,31388.07
Female,Třemošnice,92915.359375,92915.359375,92915.36,92915.36
Male,Linglong,94883.8515625,94883.8515625,94883.85,94883.85
Male,Osiek,16977.98046875,16977.98046875,16977.98,16977.98
Male,Balazar,36602.5703125,36602.5703125,36602.57,36602.57
Female,Hongmiao,40968.05078125,40968.05078125,40968.05,40968.05
Male,Gérakas,28896.439453125,28896.439453125,28896.44,28896.44
Male,Milín,28882.970703125,28882.970703125,28882.97,28882.97
Male,Brooklyn,17326.2890625,17326.2890625,17326.29,17326.29
Female,Tha Ruea,74315.4296875,74315.4296875,74315.43,74315.43
Male,Lapu-Lapu City,47631.98828125,47631.98828125,47631.99,47631.99
Male,Amorim,60601.4296875,60601.4296875,60601.43,60601.43
Female,Ichinoseki,78954.921875,78954.921875,78954.92,78954.92
Male,Rychtal,90030.3515625,90030.3515625,90030.35,90030.35
Female,Clichy,26236.0,26236.0,26236.0,26236.0
Female,Guangpu,29341.94921875,29341.94921875,29341.95,29341.95
Male,Marjayoûn,21209.669921875,21209.669921875,21209.67,21209.67
Female,Kembang,88665.421875,88665.421875,88665.42,88665.42
Male,Alexandria,38887.62109375,38887.62109375,38887.62,38887.62
Male,Kuala Lumpur,121664.8828125,60832.44140625,42634.28,79030.6
Female,Dayanggezhuang,78268.3203125,78268.3203125,78268.32,78268.32
Female,Sanshengyuan,28926.94921875,28926.94921875,28926.95,28926.95
Female,Nambak Tengah,92048.6796875,92048.6796875,92048.68,92048.68
Female,Hongzhou,35707.30859375,35707.30859375,35707.31,35707.31
Male,Rontu,52353.21875,52353.21875,52353.22,52353.22
Male,Gadžin Han,58431.91015625,58431.91015625,58431.91,58431.91
Female,Monkayo,93014.4921875,93014.4921875,93014.49,93014.49
Female,Ruokolahti,68351.2109375,68351.2109375,68351.21,68351.21
Female,Mrganush,35035.140625,35035.140625,35035.14,35035.14
Female,Presidencia Roque Sáenz Peña,63690.1796875,63690.1796875,63690.18,63690.18
Female,Trảng Bàng,43661.859375,43661.859375,43661.86,43661.86
Female,Bauchi,71556.4375,71556.4375,71556.44,71556.44
Male,Rouen,71799.0390625,71799.0390625,71799.04,71799.04
Male,Mabayo,89474.4375,89474.4375,89474.44,89474.44
Female,Citalahab,42011.1796875,42011.1796875,42011.18,42011.18
Female,Tayang,40708.5703125,40708.5703125,40708.57,40708.57
Male,San Quintin,31630.220703125,31630.220703125,31630.22,31630.22
Male,Santo Antônio do Monte,17283.25,17283.25,17283.25,17283.25
Male,Domsjö,79852.59375,79852.59375,79852.59,79852.59
Male,Mambi,59255.4296875,59255.4296875,59255.43,59255.43
Male,Brampton,13833.2998046875,13833.2998046875,13833.3,13833.3
Male,Obudovac,63695.12890625,63695.12890625,63695.13,63695.13
Female,Messina,69814.203125,69814.203125,69814.2,69814.2
Male,Kazanlŭk,80257.8984375,80257.8984375,80257.9,80257.9
Female,Nezlobnaya,20601.369140625,20601.369140625,20601.37,20601.37
Female,Sheshan,77840.7890625,77840.7890625,77840.79,77840.79
Male,Matsushima,74112.0703125,74112.0703125,74112.07,74112.07
Female,Ruda Maleniecka,74150.9765625,74150.9765625,74150.98,74150.98
Female,Krajan Sumurtawang,65823.5390625,65823.5390625,65823.54,65823.54
Female,Embu Guaçu,32996.12890625,32996.12890625,32996.13,32996.13
Male,Goubétto,64130.7890625,64130.7890625,64130.79,64130.79
Female,Chuanbu,29159.599609375,29159.599609375,29159.6,29159.6
Female,Kakata,90909.296875,90909.296875,90909.3,90909.3
Female,Balpyk Bī,34294.609375,34294.609375,34294.61,34294.61
Female,Las Vegas,97979.3125,97979.3125,97979.31,97979.31
Female,Ringinrejo,35211.46875,35211.46875,35211.47,35211.47
Female,Freiria,57323.4296875,57323.4296875,57323.43,57323.43
Male,Casal Galego,42110.03125,42110.03125,42110.03,42110.03
Female,Kesheng,20589.380859375,20589.380859375,20589.38,20589.38
Male,Prachin Buri,23920.369140625,23920.369140625,23920.37,23920.37
Female,Salvacion,90210.703125,90210.703125,90210.7,90210.7
Female,Gävle,94513.3203125,94513.3203125,94513.32,94513.32
Female,Tiandiba,11950.080078125,11950.080078125,11950.08,11950.08
Female,Gengwan,67073.359375,67073.359375,67073.36,67073.36
Female,Registro,43176.23046875,43176.23046875,43176.23,43176.23
Male,Évry,77843.6796875,77843.6796875,77843.68,77843.68
Female,Mocupe,89665.390625,89665.390625,89665.39,89665.39
Male,La Fortuna,82146.3125,82146.3125,82146.31,82146.31
Male,Trmice,41614.3515625,41614.3515625,41614.35,41614.35
Female,Daming,50157.94140625,50157.94140625,50157.94,50157.94
Male,Liljendal,36274.01171875,36274.01171875,36274.01,36274.01
Male,Chaloem Phra Kiat,54840.19921875,54840.19921875,54840.2,54840.2
Male,Sa’erhusong,89869.390625,89869.390625,89869.39,89869.39
Male,Guayaquil,59911.109375,59911.109375,59911.11,59911.11
Female,Brokopondo,48210.94921875,48210.94921875,48210.95,48210.95
Male,Jerada,60656.25,60656.25,60656.25,60656.25
Female,Kỳ Anh,42930.1796875,42930.1796875,42930.18,42930.18
Female,Santiago dos Velhos,19591.109375,19591.109375,19591.11,19591.11
Male,Dayr as Sūdān,78187.6484375,78187.6484375,78187.65,78187.65
Male,Gaopai,14528.73046875,14528.73046875,14528.73,14528.73
Male,Mozdok,31385.869140625,31385.869140625,31385.87,31385.87
Male,Tabaquite,45929.4609375,45929.4609375,45929.46,45929.46
Male,Starotitarovskaya,77556.3828125,77556.3828125,77556.38,77556.38
Female,Jiefang,76969.671875,76969.671875,76969.67,76969.67
Female,Tafeng,76648.15625,76648.15625,76648.16,76648.16
Male,Siguiri,43934.359375,43934.359375,43934.36,43934.36
Female,Hongjiaguan,94923.5703125,94923.5703125,94923.57,94923.57
Female,Mesopotam,99948.28125,99948.28125,99948.28,99948.28
Female,Saint Louis,36990.3203125,36990.3203125,36990.32,36990.32
Male,Partesh,65911.4609375,65911.4609375,65911.46,65911.46
Male,Bradenton,12246.73046875,12246.73046875,12246.73,12246.73
Male,Baku,66825.296875,66825.296875,66825.3,66825.3
Male,Thetford-Mines,93073.453125,93073.453125,93073.45,93073.45
Female,Krasna,72022.7890625,72022.7890625,72022.79,72022.79
Female,Yuktae-dong,99250.828125,99250.828125,99250.83,99250.83
Male,Ourtzagh,49494.98828125,49494.98828125,49494.99,49494.99
Male,Kultayevo,25707.7109375,25707.7109375,25707.71,25707.71
Female,Pombos,22153.990234375,22153.990234375,22153.99,22153.99
Female,Cocachacra,11077.080078125,11077.080078125,11077.08,11077.08
Male,Otradnaya,38294.01171875,38294.01171875,38294.01,38294.01
Female,Miyata,59339.3203125,59339.3203125,59339.32,59339.32
Female,Denver,32952.390625,32952.390625,32952.39,32952.39
Male,Kupu,49458.46875,49458.46875,49458.47,49458.47
Female,Nyaungdon,32445.609375,32445.609375,32445.61,32445.61
Male,Sinyavino,70980.1328125,70980.1328125,70980.13,70980.13
Male,Beiyang,83836.421875,83836.421875,83836.42,83836.42
Female,Webuye,99368.546875,99368.546875,99368.55,99368.55
Male,Melaka,135305.95703125,67652.978515625,40562.7,94743.26
Female,Jantake,48420.5,48420.5,48420.5,48420.5
Male,Finspång,94374.5703125,94374.5703125,94374.57,94374.57
Female,Dąbie,60123.609375,60123.609375,60123.61,60123.61
Female,Sanli,73174.1875,73174.1875,73174.19,73174.19
Male,Banjar Kelodan,51979.53125,51979.53125,51979.53,51979.53
Male,Pangawaren,96462.59375,96462.59375,96462.59,96462.59
Male,Boynton Beach,72537.7109375,72537.7109375,72537.71,72537.71
Male,Toyokawa,12215.9501953125,12215.9501953125,12215.95,12215.95
Female,Burnaby,27762.05078125,27762.05078125,27762.05,27762.05
Male,Xiang Ngeun,78336.59375,78336.59375,78336.59,78336.59
Female,Esfarāyen,39808.48046875,39808.48046875,39808.48,39808.48
Male,Foros do Trapo,42135.671875,42135.671875,42135.67,42135.67
Male,Zhongcheng,99942.921875,99942.921875,99942.92,99942.92
Female,Soca,44953.48828125,44953.48828125,44953.49,44953.49
Male,Runović,58200.359375,58200.359375,58200.36,58200.36
Male,Berber,73827.8515625,73827.8515625,73827.85,73827.85
Male,Banyuresmi,54164.41015625,54164.41015625,54164.41,54164.41
Female,São Brás de Alportel,96823.1328125,96823.1328125,96823.13,96823.13
Female,Bojongbenteng,80564.109375,80564.109375,80564.11,80564.11
Female,Madimba,98737.8671875,98737.8671875,98737.87,98737.87
Male,Changuinola,53137.80078125,53137.80078125,53137.8,53137.8
Male,Wugong,62823.109375,62823.109375,62823.11,62823.11
Female,Sabang,68018.328125,68018.328125,68018.33,68018.33
Female,Chon Buri,69145.890625,69145.890625,69145.89,69145.89
Male,Carreira,69829.640625,69829.640625,69829.64,69829.64
Female,Ōami,36984.44140625,36984.44140625,36984.44,36984.44
Female,Miaoya,83226.421875,83226.421875,83226.42,83226.42
Male,Ferrol,19025.720703125,19025.720703125,19025.72,19025.72
Female,Laban,87988.09375,87988.09375,87988.09,87988.09
Female,Lomme,72160.421875,72160.421875,72160.42,72160.42
Male,Pignon,66709.453125,66709.453125,66709.45,66709.45
Male,Kadurahayu,56496.75,56496.75,56496.75,56496.75
Female,Dahuangwei,66687.59375,66687.59375,66687.59,66687.59
Male,Aguaí,56279.890625,56279.890625,56279.89,56279.89
Male,Prusice,55731.78125,55731.78125,55731.78,55731.78
Female,Ayorou,42273.421875,42273.421875,42273.42,42273.42
Male,Ḩajjah,52017.76953125,52017.76953125,52017.77,52017.77
Male,Boto,42845.12109375,42845.12109375,42845.12,42845.12
Male,Xiyuan,58076.48828125,58076.48828125,58076.49,58076.49
Male,Filipowice,35960.890625,35960.890625,35960.89,35960.89
Male,Santo Tomas,88195.8125,88195.8125,88195.81,88195.81
Female,Hekou,27902.3203125,27902.3203125,27902.32,27902.32
Male,Katima Mulilo,96665.2421875,96665.2421875,96665.24,96665.24
Male,Telč,22420.7109375,22420.7109375,22420.71,22420.71
Female,Lobuk,12908.3798828125,12908.3798828125,12908.38,12908.38
Male,Karney Shomron,92758.2578125,92758.2578125,92758.26,92758.26
Female,Sacanta,78262.1484375,78262.1484375,78262.15,78262.15
Female,Manolás,97232.78125,97232.78125,97232.78,97232.78
Female,Puger,58241.1796875,58241.1796875,58241.18,58241.18
Male,Mabai,92910.71875,92910.71875,92910.72,92910.72
Male,Corpus,35178.1796875,35178.1796875,35178.18,35178.18
Male,Lluchubamba,84527.0625,84527.0625,84527.06,84527.06
Male,Xijiao,46200.7607421875,23100.38037109375,13708.03,32492.73
Female,Gharyan,98679.3125,98679.3125,98679.31,98679.31
Male,Handaqi,37728.6796875,37728.6796875,37728.68,37728.68
Male,Chubek,69175.7265625,69175.7265625,69175.73,69175.73
Male,Umeå,65110.05859375,65110.05859375,65110.06,65110.06
Female,Pyshchug,22658.3203125,22658.3203125,22658.32,22658.32
Female,Cacheu,13772.8203125,13772.8203125,13772.82,13772.82
Male,Sumurgayam,84911.09375,84911.09375,84911.09,84911.09
Female,Silikatnyy,37492.578125,37492.578125,37492.58,37492.58
Female,Ambelókipoi,16676.560546875,16676.560546875,16676.56,16676.56
Female,Grenoble,91579.9296875,91579.9296875,91579.93,91579.93
Female,Katsuta,79717.859375,79717.859375,79717.86,79717.86
Male,Ortega,55226.87109375,55226.87109375,55226.87,55226.87
Male,Longtan,21357.30078125,21357.30078125,21357.3,21357.3
Male,Bryansk,65252.3203125,65252.3203125,65252.32,65252.32
Male,Puerto Galera,57799.69921875,57799.69921875,57799.7,57799.7
Female,Lanús,86294.59375,86294.59375,86294.59,86294.59
Female,Angol,43413.1484375,43413.1484375,43413.15,43413.15
Female,Duowa,94301.46875,94301.46875,94301.47,94301.47
Male,Gualmatán,88032.40625,88032.40625,88032.41,88032.41
Female,Punta de Piedra,40385.80859375,40385.80859375,40385.81,40385.81
Male,Pétionville,89197.4375,89197.4375,89197.44,89197.44
Female,Duozhu,71416.859375,71416.859375,71416.86,71416.86
Male,Ardabīl,64998.87890625,64998.87890625,64998.88,64998.88
Male,Ust’-Abakan,54245.94140625,54245.94140625,54245.94,54245.94
Female,Rajapeni,27026.69921875,27026.69921875,27026.7,27026.7
Male,Guohua,48229.48046875,48229.48046875,48229.48,48229.48
Male,Shiren,56867.78125,56867.78125,56867.78,56867.78
Male,Chimen,74106.140625,74106.140625,74106.14,74106.14
Female,Nîmes,42246.87109375,42246.87109375,42246.87,42246.87
Male,Comillas Norte,47990.33984375,47990.33984375,47990.34,47990.34
Female,Ingeniero Guillermo N. Juárez,80058.4296875,80058.4296875,80058.43,80058.43
Female,,57576.51953125,57576.51953125,57576.52,57576.52
Male,Munkfors,85289.15625,85289.15625,85289.16,85289.16
Female,Mattawa,87553.7265625,87553.7265625,87553.73,87553.73
Male,Michałów,52960.87890625,52960.87890625,52960.88,52960.88
Female,Mungwi,80418.2578125,80418.2578125,80418.26,80418.26
Male,Roma,50699.30859375,50699.30859375,50699.31,50699.31
Male,Hongos,81534.609375,81534.609375,81534.61,81534.61
Male,Margahayukencana,74381.3203125,74381.3203125,74381.32,74381.32
Female,Hollola,93969.0390625,93969.0390625,93969.04,93969.04
Female,Cassanayan,16314.7900390625,16314.7900390625,16314.79,16314.79
Female,Skellefteå,54621.01171875,54621.01171875,54621.01,54621.01
Male,Pirca,74364.109375,74364.109375,74364.11,74364.11
Female,Philadelphia,28222.830078125,28222.830078125,28222.83,28222.83
Male,Oss,40392.23828125,40392.23828125,40392.24,40392.24
Male,Kashima,60796.01953125,60796.01953125,60796.02,60796.02
Male,Chrást,40163.03125,40163.03125,40163.03,40163.03
Female,Huangshi,98690.34375,98690.34375,98690.34,98690.34
Male,Cuogang,202341.990234375,50585.49755859375,11832.43,82505.36
Male,Balahovit,74464.2578125,74464.2578125,74464.26,74464.26
Male,Hauhena,38597.390625,38597.390625,38597.39,38597.39
Female,Leticia,18561.109375,18561.109375,18561.11,18561.11
Male,Puyuan,11224.169921875,11224.169921875,11224.17,11224.17
Male,Amphawa,76400.890625,76400.890625,76400.89,76400.89
Female,El Salitre,94859.078125,94859.078125,94859.08,94859.08
Female,Topeka,71772.2734375,71772.2734375,71772.27,71772.27
Male,Pasiraman,60930.23046875,60930.23046875,60930.23,60930.23
Female,Megalópoli,17299.619140625,17299.619140625,17299.62,17299.62
Female,Yanjiang,20768.759765625,20768.759765625,20768.76,20768.76
Female,Wojcieszków,18163.55078125,18163.55078125,18163.55,18163.55
Male,Kizlyar,69030.34375,69030.34375,69030.34,69030.34
Male,Kastornoye,23794.1796875,23794.1796875,23794.18,23794.18
Female,Getengan,23843.060546875,23843.060546875,23843.06,23843.06
Male,Tomsk,16504.220703125,16504.220703125,16504.22,16504.22
Male,Zhuanqukou,36208.1796875,36208.1796875,36208.18,36208.18
Female,Schiedam postbusnummers,59352.01953125,59352.01953125,59352.02,59352.02
Female,Glatik,19941.029296875,19941.029296875,19941.03,19941.03
Female,Fosca,89451.1328125,89451.1328125,89451.13,89451.13
Male,Koygorodok,52016.98828125,52016.98828125,52016.99,52016.99
Male,Tanjungluar,38955.69921875,19477.849609375,16866.41,22089.29
Female,Uherce Mineralne,47953.6015625,47953.6015625,47953.6,47953.6
Female,Mieścisko,70627.009765625,35313.5048828125,18764.53,51862.48
Male,Hénin-Beaumont,55082.75,55082.75,55082.75,55082.75
Male,Nong Muang Khai,42221.44921875,42221.44921875,42221.45,42221.45
Male,Bual,63399.421875,63399.421875,63399.42,63399.42
Male,San Juan Nepomuceno,14139.3203125,14139.3203125,14139.32,14139.32
Male,Cergy-Pontoise,62163.80078125,62163.80078125,62163.8,62163.8
Female,Stanisław Górny,59112.5,59112.5,59112.5,59112.5
Male,Shreveport,55344.4609375,55344.4609375,55344.46,55344.46
Female,Leżajsk,90527.21875,90527.21875,90527.22,90527.22
Male,San Carlos,25091.419921875,25091.419921875,25091.42,25091.42
Female,Rio das Ostras,47099.8515625,47099.8515625,47099.85,47099.85
Female,Ust’-Kut,50676.26953125,50676.26953125,50676.27,50676.27
Female,Kenscoff,25525.55078125,25525.55078125,25525.55,25525.55
Female,Lleida,18892.4609375,18892.4609375,18892.46,18892.46
Male,Ji’an,91555.609375,91555.609375,91555.61,91555.61
Male,Ryazanskaya,56653.69921875,56653.69921875,56653.7,56653.7
Male,Tengah,39837.19140625,39837.19140625,39837.19,39837.19
Male,Misasi,20105.439453125,20105.439453125,20105.44,20105.44
Female,Gaohe,25341.6796875,25341.6796875,25341.68,25341.68
Female,Ipala,87266.7734375,87266.7734375,87266.77,87266.77
Male,Komletinci,60304.2890625,60304.2890625,60304.29,60304.29
Male,Nalinggou,65765.4921875,65765.4921875,65765.49,65765.49
Female,El Cardo,13604.6298828125,13604.6298828125,13604.63,13604.63
Female,Xiongzhang,88610.2421875,88610.2421875,88610.24,88610.24
Female,Guihulñgan,23657.919921875,23657.919921875,23657.92,23657.92
Female,Sanxing,61419.55078125,61419.55078125,61419.55,61419.55
Female,Santa Rita,10766.4296875,10766.4296875,10766.43,10766.43
Male,La Rioja,28421.009765625,28421.009765625,28421.01,28421.01
Male,Caper,78102.84375,78102.84375,78102.84,78102.84
Male,Sułkowice,33432.98828125,33432.98828125,33432.99,33432.99
Male,Mexico,57861.7890625,57861.7890625,57861.79,57861.79
Male,Litvínov,35105.3515625,35105.3515625,35105.35,35105.35
Female,Juvisy-sur-Orge,98177.4765625,98177.4765625,98177.48,98177.48
Male,Cầu Giấy,17626.640625,17626.640625,17626.64,17626.64
Female,Zhenyuan,24102.94921875,24102.94921875,24102.95,24102.95
Male,Bilohirs’k,51271.98828125,51271.98828125,51271.99,51271.99
Male,Asopía,72816.5390625,72816.5390625,72816.54,72816.54
Female,Tazouta,73737.71875,73737.71875,73737.72,73737.72
Male,Lancaster,68961.703125,68961.703125,68961.7,68961.7
Male,Kebon,50278.8984375,50278.8984375,50278.9,50278.9
Female,Jiashi,23456.669921875,23456.669921875,23456.67,23456.67
Female,Murmashi,98226.15625,98226.15625,98226.16,98226.16
Female,Bamencheng,15755.3603515625,15755.3603515625,15755.36,15755.36
Female,Sarmanovo,12788.1298828125,12788.1298828125,12788.13,12788.13
Male,Nggalak,31690.720703125,31690.720703125,31690.72,31690.72
Female,Whitwell,71226.890625,71226.890625,71226.89,71226.89
Female,Sibbo,16687.099609375,16687.099609375,16687.1,16687.1
Female,Kunting,94702.5,94702.5,94702.5,94702.5
Male,Karlovy Vary,46071.12890625,46071.12890625,46071.13,46071.13
Female,Fonte Boa,30039.869140625,30039.869140625,30039.87,30039.87
Female,Oygon,64614.46875,64614.46875,64614.47,64614.47
Male,Irirum,77809.5078125,77809.5078125,77809.51,77809.51
Female,Ampanihy,95283.96875,95283.96875,95283.97,95283.97
Male,Dokuchayevs’k,59545.48046875,59545.48046875,59545.48,59545.48
Male,Xin’e,62755.8515625,62755.8515625,62755.85,62755.85
Female,Kaiapoi,51894.05859375,51894.05859375,51894.06,51894.06
Female,Baoshui,11084.33984375,11084.33984375,11084.34,11084.34
Male,Shamakhi,65228.6796875,65228.6796875,65228.68,65228.68
Male,Périgny,62022.921875,62022.921875,62022.92,62022.92
Male,Polańczyk,98086.046875,98086.046875,98086.05,98086.05
Male,Las Minas,52100.578125,52100.578125,52100.58,52100.58
Male,Az Zuwaytīnah,29417.7109375,29417.7109375,29417.71,29417.71
Male,Paris 02,44940.19921875,44940.19921875,44940.2,44940.2
Male,Soi Dao,69526.2265625,69526.2265625,69526.23,69526.23
Female,Kajaani,20224.83984375,20224.83984375,20224.84,20224.84
Male,Trang,93239.1875,93239.1875,93239.19,93239.19
Female,Al Badārī,94889.5078125,94889.5078125,94889.51,94889.51
Male,Villa del Rosario,52018.4609375,52018.4609375,52018.46,52018.46
Female,Varadero,66530.3984375,66530.3984375,66530.4,66530.4
Female,Esuk Oron,30995.490234375,30995.490234375,30995.49,30995.49
Male,Argostólion,12281.2001953125,12281.2001953125,12281.2,12281.2
Male,Antas,92500.9609375,92500.9609375,92500.96,92500.96
Female,San Andres,52426.80078125,52426.80078125,52426.8,52426.8
Female,Chifeng,41790.2890625,41790.2890625,41790.29,41790.29
Female,Nan’ao,95218.390625,95218.390625,95218.39,95218.39
Male,Bangbayang Kaler,48986.37890625,48986.37890625,48986.38,48986.38
Male,Guarenas,52773.30859375,52773.30859375,52773.31,52773.31
Female,Limenária,66705.7265625,66705.7265625,66705.73,66705.73
Male,Modimolle,74282.859375,74282.859375,74282.86,74282.86
Male,Glinka,94839.5625,94839.5625,94839.56,94839.56
Female,Jiupu,35165.421875,35165.421875,35165.42,35165.42
Female,Gongdao,40437.2890625,40437.2890625,40437.29,40437.29
Female,Dahua,28120.009765625,28120.009765625,28120.01,28120.01
Male,Oleiros,89036.109375,89036.109375,89036.11,89036.11
Female,Kamnica,34518.87109375,34518.87109375,34518.87,34518.87
Male,Nanortalik,33966.41015625,33966.41015625,33966.41,33966.41
Male,Zinder,99222.84375,99222.84375,99222.84,99222.84
Male,Kuantan,66460.2734375,66460.2734375,66460.27,66460.27
Male,Pochep,26416.619140625,26416.619140625,26416.62,26416.62
Female,Šluknov,49332.48046875,49332.48046875,49332.48,49332.48
Female,Beishidian,21091.80078125,21091.80078125,21091.8,21091.8
Male,Islamey,93275.421875,93275.421875,93275.42,93275.42
Female,Sumberagung,44627.30078125,44627.30078125,44627.3,44627.3
Female,Calebasses,77236.359375,77236.359375,77236.36,77236.36
Male,Lizhai,88602.7421875,88602.7421875,88602.74,88602.74
Female,Mojo,59886.05078125,59886.05078125,59886.05,59886.05
Male,Gajrug,46117.51953125,46117.51953125,46117.52,46117.52
Female,Palumbungan,63733.05078125,63733.05078125,63733.05,63733.05
Female,Pangnirtung,94224.4765625,94224.4765625,94224.48,94224.48
Male,Monte Leite,32623.849609375,32623.849609375,32623.85,32623.85
Male,Xindian,57804.078125,57804.078125,57804.08,57804.08
Female,Bertioga,28885.490234375,28885.490234375,28885.49,28885.49
Male,Guimbal,22341.169921875,22341.169921875,22341.17,22341.17
Male,Xin’an,49331.3984375,49331.3984375,49331.4,49331.4
Male,Zhuxi,15849.419921875,15849.419921875,15849.42,15849.42
Male,"Palmas De Gran Canaria, Las",91642.2421875,91642.2421875,91642.24,91642.24
Male,Villa Paula de Sarmiento,94648.5078125,94648.5078125,94648.51,94648.51
Male,Yanglin,13149.16015625,13149.16015625,13149.16,13149.16
Female,Lindavista,66461.7109375,66461.7109375,66461.71,66461.71
Female,Donostia-San Sebastian,69239.2109375,69239.2109375,69239.21,69239.21
Female,Santa Tecla,57635.05078125,57635.05078125,57635.05,57635.05
Male,Horodyshche,23203.4296875,23203.4296875,23203.43,23203.43
Female,Cértegui,21951.41015625,21951.41015625,21951.41,21951.41
Male,Montecillo,94615.4765625,94615.4765625,94615.48,94615.48
Female,Nanzhao Chengguanzhen,84407.046875,84407.046875,84407.05,84407.05
Male,Nar'yan-Mar,21311.740234375,21311.740234375,21311.74,21311.74
Female,Virginia,67823.453125,67823.453125,67823.45,67823.45
Male,Panggungrejo,69033.203125,69033.203125,69033.2,69033.2
Female,Xitou,71279.6015625,71279.6015625,71279.6,71279.6
Female,Isfahan,30201.3203125,30201.3203125,30201.32,30201.32
Male,Petrovsk,14012.830078125,14012.830078125,14012.83,14012.83
Male,Bailang,86886.6171875,86886.6171875,86886.62,86886.62
Female,Dongtou,72644.7421875,72644.7421875,72644.74,72644.74
Male,Lamego,64970.8515625,64970.8515625,64970.85,64970.85
Male,Gyodong,74819.5234375,74819.5234375,74819.52,74819.52
Male,Jandir,90918.6171875,90918.6171875,90918.62,90918.62
Female,Tromsø,43382.6015625,43382.6015625,43382.6,43382.6
Female,Cuogang,10908.2197265625,10908.2197265625,10908.22,10908.22
Male,Pindi Gheb,72878.359375,72878.359375,72878.36,72878.36
Female,Heshui,85375.9296875,85375.9296875,85375.93,85375.93
Female,Mineralnye Vody,73810.3671875,73810.3671875,73810.37,73810.37
Female,Xinzhou,81861.8828125,81861.8828125,81861.88,81861.88
Female,Gostovići,88810.4609375,88810.4609375,88810.46,88810.46
Male,Kratié,32657.16015625,32657.16015625,32657.16,32657.16
Male,Lengshuitan,94971.4921875,94971.4921875,94971.49,94971.49
Female,Noling,64281.87890625,64281.87890625,64281.88,64281.88
Male,Godong,39141.7109375,39141.7109375,39141.71,39141.71
Female,Yŏnan-ŭp,98628.609375,98628.609375,98628.61,98628.61
Male,Ad Dimnah,70973.3515625,70973.3515625,70973.35,70973.35
Female,Kupiskis,85799.53125,85799.53125,85799.53,85799.53
Female,Pasirreungit,93902.3671875,93902.3671875,93902.37,93902.37
Female,Město,27797.98046875,27797.98046875,27797.98,27797.98
Male,Asahi,22727.94921875,22727.94921875,22727.95,22727.95
Male,Warmare,90661.4609375,90661.4609375,90661.46,90661.46
Male,Chorente,27607.599609375,27607.599609375,27607.6,27607.6
Male,West Jerusalem,71282.2890625,71282.2890625,71282.29,71282.29
Male,Puutuga,19122.990234375,19122.990234375,19122.99,19122.99
Male,Gaspar Hernández,26604.380859375,26604.380859375,26604.38,26604.38
Male,Velyka Lepetykha,66552.3203125,66552.3203125,66552.32,66552.32
Male,Jetafe,45643.01953125,45643.01953125,45643.02,45643.02
Female,Copán,110448.125,55224.0625,40069.9,70378.23
Female,Tlatah,53573.19140625,53573.19140625,53573.19,53573.19
Female,Predavac,42166.96875,42166.96875,42166.97,42166.97
Male,Kylmäkoski,71013.5625,71013.5625,71013.56,71013.56
Male,Buawan,40183.5,40183.5,40183.5,40183.5
Female,Tambulatana,26980.55078125,26980.55078125,26980.55,26980.55
Female,Rozkishne,29384.720703125,29384.720703125,29384.72,29384.72
Male,Ovruch,40880.0,40880.0,40880.0,40880.0
Female,Kavýli,63792.2109375,63792.2109375,63792.21,63792.21
Female,Guay,88156.0,88156.0,88156.0,88156.0
Male,Wangchang,36927.53125,36927.53125,36927.53,36927.53
Female,Dengok,28369.849609375,28369.849609375,28369.85,28369.85
Male,Puyehue,51163.6796875,51163.6796875,51163.68,51163.68
Male,Baoyou,22066.55078125,22066.55078125,22066.55,22066.55
Female,Leninsk,82739.4375,82739.4375,82739.44,82739.44
Female,Pongkor,44539.16015625,44539.16015625,44539.16,44539.16
Female,Figueira Castelo Rodrigo,27831.08984375,27831.08984375,27831.09,27831.09
Male,Labuan,79300.59375,79300.59375,79300.59,79300.59
Male,HanHuang,34173.94140625,34173.94140625,34173.94,34173.94
Female,Guzhen,94642.390625,94642.390625,94642.39,94642.39
Female,Dire Dawa,96380.453125,96380.453125,96380.45,96380.45
Female,Neglasari,23216.029296875,23216.029296875,23216.03,23216.03
Female,Svorónos,90634.78125,90634.78125,90634.78,90634.78
Female,Chunghwa,13757.669921875,13757.669921875,13757.67,13757.67
Male,Pavlovsk,70536.9609375,70536.9609375,70536.96,70536.96
Male,Makurazaki,37676.98828125,37676.98828125,37676.99,37676.99
Male,Saguiaran,76379.1875,76379.1875,76379.19,76379.19
Female,Baima,91186.046875,91186.046875,91186.05,91186.05
Female,Cipinang,11617.509765625,11617.509765625,11617.51,11617.51
Female,Ananea,63400.62109375,63400.62109375,63400.62,63400.62
Male,Medveditskiy,75714.2109375,75714.2109375,75714.21,75714.21
Female,Kandangan,63633.328125,63633.328125,63633.33,63633.33
Male,Ādilpur,43405.41015625,43405.41015625,43405.41,43405.41
Male,Bazar-Korgon,83598.0,83598.0,83598.0,83598.0
Male,Yichun,62584.58984375,62584.58984375,62584.59,62584.59
Male,Paris 13,10760.33984375,10760.33984375,10760.34,10760.34
Female,Banjar Yehsatang,28327.810546875,28327.810546875,28327.81,28327.81
Female,Bogorejo,91694.7890625,91694.7890625,91694.79,91694.79
Female,Guajará Mirim,81607.7421875,81607.7421875,81607.74,81607.74
Female,Vysotsk,21401.359375,21401.359375,21401.36,21401.36
Male,Divnomorskoye,61489.23046875,61489.23046875,61489.23,61489.23
Female,Pointe-Noire,31536.08984375,31536.08984375,31536.09,31536.09
Male,Karvia,30329.310546875,30329.310546875,30329.31,30329.31
Male,Gesik,22820.25,22820.25,22820.25,22820.25
Male,Milići,45605.16015625,45605.16015625,45605.16,45605.16
Female,Jeżów Sudecki,55817.05078125,55817.05078125,55817.05,55817.05
Female,Lodan Wetan,84370.640625,84370.640625,84370.64,84370.64
Male,La Soledad,25810.060546875,25810.060546875,25810.06,25810.06
Female,Ayía Triás,34210.421875,34210.421875,34210.42,34210.42
Male,Petäjävesi,71207.8984375,71207.8984375,71207.9,71207.9
Male,Viļaka,39894.26171875,39894.26171875,39894.26,39894.26
Female,Nganane,41636.98828125,41636.98828125,41636.99,41636.99
Male,Villa Bustos,26791.0703125,26791.0703125,26791.07,26791.07
Female,Sofo-Birnin-Gwari,45680.96875,45680.96875,45680.97,45680.97
Male,Lyeskawka,28830.91015625,28830.91015625,28830.91,28830.91
Male,Pasian,99421.34375,99421.34375,99421.34,99421.34
Male,Marićka,68541.9921875,68541.9921875,68541.99,68541.99
Female,Unión,83536.046875,83536.046875,83536.05,83536.05
Male,Huangyang,63001.94921875,63001.94921875,63001.95,63001.95
Male,Ban Talat Nua,37021.921875,37021.921875,37021.92,37021.92
Female,Dingle,47861.51171875,47861.51171875,47861.51,47861.51
Male,Soly,97968.3984375,97968.3984375,97968.4,97968.4
Male,Puncaksari,42176.0703125,42176.0703125,42176.07,42176.07
Female,Baraya,74605.328125,74605.328125,74605.33,74605.33
Female,Klippan,77039.46875,77039.46875,77039.47,77039.47
Male,Itaguaí,28301.30078125,28301.30078125,28301.3,28301.3
Male,Magugu,45042.140625,45042.140625,45042.14,45042.14
Male,Podhum,12016.0703125,12016.0703125,12016.07,12016.07
Female,Kauit,89945.7109375,89945.7109375,89945.71,89945.71
Male,Springfield,50838.53125,50838.53125,50838.53,50838.53
Female,As Sulayyil,44520.890625,44520.890625,44520.89,44520.89
Female,Batutulis,16321.66015625,16321.66015625,16321.66,16321.66
Female,Clamart,68066.7578125,68066.7578125,68066.76,68066.76
Male,Schiedam postbusnummers,25602.19921875,25602.19921875,25602.2,25602.2
Female,Mompach,83840.0625,83840.0625,83840.06,83840.06
Male,Bile,97909.8828125,97909.8828125,97909.88,97909.88
Female,Ursus,11014.990234375,11014.990234375,11014.99,11014.99
Female,Oliveiras,43652.28125,43652.28125,43652.28,43652.28
Female,Milotice,41786.91015625,41786.91015625,41786.91,41786.91
Male,Pashiya,64250.26171875,64250.26171875,64250.26,64250.26
Male,Salgar,46578.2109375,46578.2109375,46578.21,46578.21
Male,Cernay,73317.921875,73317.921875,73317.92,73317.92
Male,Poncokusumo,25446.48046875,25446.48046875,25446.48,25446.48
Female,Bestala,30266.4609375,30266.4609375,30266.46,30266.46
Male,Yesan,42856.62109375,42856.62109375,42856.62,42856.62
Female,Eskilstuna,39756.87890625,39756.87890625,39756.88,39756.88
Female,Viejo Daan Banua,43927.5,43927.5,43927.5,43927.5
Male,Madjeouéni,52651.87109375,52651.87109375,52651.87,52651.87
Male,Heitan,73697.1015625,73697.1015625,73697.1,73697.1
Female,Michałowo,36636.171875,36636.171875,36636.17,36636.17
Female,Kokaj,29234.66015625,29234.66015625,29234.66,29234.66
Male,Laguna de Perlas,52145.76171875,52145.76171875,52145.76,52145.76
Female,Datong,64774.8984375,64774.8984375,64774.9,64774.9
Male,Ribeiro,87803.96875,87803.96875,87803.97,87803.97
Female,Newport,39530.578125,39530.578125,39530.58,39530.58
Female,Xinying,83766.3515625,83766.3515625,83766.35,83766.35
Female,Jackson,69901.0390625,69901.0390625,69901.04,69901.04
Male,Mawu,48994.62890625,48994.62890625,48994.63,48994.63
Female,Slobodka,22115.5703125,22115.5703125,22115.57,22115.57
Female,Atlanta,41745.23046875,41745.23046875,41745.23,41745.23
Female,Timiryazevskiy,99142.9375,99142.9375,99142.94,99142.94
Male,‘Aşīrah al Qiblīyah,42951.87890625,42951.87890625,42951.88,42951.88
Female,Beni Khiar,21108.23046875,21108.23046875,21108.23,21108.23
Female,Ridderkerk,59588.41015625,59588.41015625,59588.41,59588.41
Male,Zaraysk,63668.33984375,63668.33984375,63668.34,63668.34
Female,Kaustinen,85120.7734375,85120.7734375,85120.77,85120.77
Female,Ar Rawḑ,62467.78125,62467.78125,62467.78,62467.78
Female,Béja,57282.73828125,57282.73828125,57282.74,57282.74
Male,Tsiatsan,18795.439453125,18795.439453125,18795.44,18795.44
Female,Wenquan,82283.40625,82283.40625,82283.41,82283.41
Male,Mosfilotí,97631.703125,97631.703125,97631.7,97631.7
Female,Wangqingtuo,73423.703125,73423.703125,73423.7,73423.7
Female,Adigeni,58517.109375,58517.109375,58517.11,58517.11
Female,Sampit,39343.30859375,39343.30859375,39343.31,39343.31
Female,Venustiano Carranza,11223.75,11223.75,11223.75,11223.75
Female,Sungai Iyu,80136.2890625,80136.2890625,80136.29,80136.29
Male,Nuquí,46405.25,46405.25,46405.25,46405.25
Female,Zaghouan,32654.48046875,32654.48046875,32654.48,32654.48
Female,Heqing,63273.1796875,63273.1796875,63273.18,63273.18
Female,Marcq-en-Barœul,21873.7109375,21873.7109375,21873.71,21873.71
Female,Castle Bruce,35523.37109375,35523.37109375,35523.37,35523.37
Male,Lanas,61966.2890625,61966.2890625,61966.29,61966.29
Female,Emmen,59421.890625,59421.890625,59421.89,59421.89
Male,Arbeláez,157116.1328125,78558.06640625,68098.42,89017.71
Female,Kuala Terengganu,81003.7578125,81003.7578125,81003.76,81003.76
Female,Lázně Kynžvart,36963.69140625,36963.69140625,36963.69,36963.69
Female,Shinaihai,39544.640625,39544.640625,39544.64,39544.64
Female,Suchy Las,61517.640625,61517.640625,61517.64,61517.64
Male,Tiaong,75543.84375,75543.84375,75543.84,75543.84
Female,Nora,71668.5234375,71668.5234375,71668.52,71668.52
Male,Binzhou,79866.890625,79866.890625,79866.89,79866.89
Male,Svetlanovskiy,23317.58984375,23317.58984375,23317.59,23317.59
Female,Guarujá,21176.640625,21176.640625,21176.64,21176.64
Female,Stockholm,81081.0390625,81081.0390625,81081.04,81081.04
Male,Vairão,35983.328125,35983.328125,35983.33,35983.33
Male,Mnelalete,57265.640625,57265.640625,57265.64,57265.64
Male,Zhongying,49125.16015625,49125.16015625,49125.16,49125.16
Female,Monte Branco,50052.890625,50052.890625,50052.89,50052.89
Male,Uva,87006.609375,87006.609375,87006.61,87006.61
Male,Hamilton,50253.26953125,50253.26953125,50253.27,50253.27
Female,Ganfang,93860.6484375,93860.6484375,93860.65,93860.65
Male,Basseterre,29172.0703125,29172.0703125,29172.07,29172.07
Female,Obiliq,21039.359375,21039.359375,21039.36,21039.36
Male,Las Lomas,89750.8984375,89750.8984375,89750.9,89750.9
Male,San Juan,92340.9296875,92340.9296875,92340.93,92340.93
Male,Aix-en-Provence,65910.3125,65910.3125,65910.31,65910.31
Female,Połomia,10616.4404296875,10616.4404296875,10616.44,10616.44
Female,Jinqiao,75199.5,75199.5,75199.5,75199.5
Male,Žrnovo,74782.640625,74782.640625,74782.64,74782.64
Male,Leganes,47121.28125,47121.28125,47121.28,47121.28
Male,Puma,90772.0,90772.0,90772.0,90772.0
Male,Cotabambas,42662.23828125,42662.23828125,42662.24,42662.24
Female,Karabanovo,45568.921875,45568.921875,45568.92,45568.92
Female,Piúma,91322.546875,91322.546875,91322.55,91322.55
Male,Jaguaruana,64732.48046875,64732.48046875,64732.48,64732.48
Male,Rzhavki,62765.0,62765.0,62765.0,62765.0
Male,Imbang,46385.21875,46385.21875,46385.22,46385.22
Female,Luleå,85459.8828125,85459.8828125,85459.88,85459.88
Female,Paris 14,16156.3798828125,16156.3798828125,16156.38,16156.38
Male,Currais,95280.3515625,95280.3515625,95280.35,95280.35
Female,Rizal,29599.580078125,29599.580078125,29599.58,29599.58
Male,Aizi,69273.3203125,69273.3203125,69273.32,69273.32
Female,Lingqiao,81950.8828125,81950.8828125,81950.88,81950.88
Male,Qorovulbozor Shahri,47221.3984375,47221.3984375,47221.4,47221.4
Female,Skene,138061.27734375,69030.638671875,61211.56,76849.72
Male,Đông Thành,23180.7109375,23180.7109375,23180.71,23180.71
Female,Vicente Guerrero,71329.0,71329.0,71329.0,71329.0
Male,Nuevo Berlín,25751.75,25751.75,25751.75,25751.75
Female,Chandmanĭ,87792.296875,87792.296875,87792.3,87792.3
Female,Springfield,30556.119140625,30556.119140625,30556.12,30556.12
Female,Sundbyberg,45239.359375,45239.359375,45239.36,45239.36
Female,Santiago,17535.130859375,17535.130859375,17535.13,17535.13
Female,Gornji Grad,39274.71875,39274.71875,39274.72,39274.72
Male,Shedok,74236.078125,74236.078125,74236.08,74236.08
Male,Xichuan,40279.58984375,40279.58984375,40279.59,40279.59
Female,Floresta,84566.90625,84566.90625,84566.91,84566.91
Male,Öjebyn,14880.6201171875,14880.6201171875,14880.62,14880.62
Female,Cerro Blanco,49236.2109375,49236.2109375,49236.21,49236.21
Female,Emiliano Zapata,34644.58984375,34644.58984375,34644.59,34644.59
Female,Lyon,76317.8671875,76317.8671875,76317.87,76317.87
Male,Farasān,52448.5,52448.5,52448.5,52448.5
Female,Skuodas,70306.2890625,70306.2890625,70306.29,70306.29
Male,Seremban,20966.220703125,20966.220703125,20966.22,20966.22
Male,Liên Chiểu,94017.1484375,94017.1484375,94017.15,94017.15
Female,Krajan Tengah,64106.41015625,64106.41015625,64106.41,64106.41
Female,Timbiras,59550.3984375,59550.3984375,59550.4,59550.4
Male,Olopa,21720.220703125,21720.220703125,21720.22,21720.22
Female,Kowŏn-ŭp,51438.2890625,51438.2890625,51438.29,51438.29
Female,Casma,58377.46875,58377.46875,58377.47,58377.47
Male,Virojoki,55516.69140625,55516.69140625,55516.69,55516.69
Female,Taiping,26979.66015625,26979.66015625,26979.66,26979.66
Female,Derbent,67199.1328125,67199.1328125,67199.13,67199.13
Male,Niny,53258.859375,53258.859375,53258.86,53258.86
Female,Zhangcun,45824.55859375,45824.55859375,45824.56,45824.56
Male,Novozavidovskiy,67437.8828125,67437.8828125,67437.88,67437.88
Female,Klukeng,98439.4921875,98439.4921875,98439.49,98439.49
Male,Shah Alam,49715.87890625,49715.87890625,49715.88,49715.88
Female,Novorossiysk,38833.578125,38833.578125,38833.58,38833.58
Female,Guanaja,16200.099609375,16200.099609375,16200.1,16200.1
Female,Kinsealy-Drinan,30101.16015625,30101.16015625,30101.16,30101.16
Female,Kakamas,44648.26953125,44648.26953125,44648.27,44648.27
Female,Ituzaingó,52271.73046875,52271.73046875,52271.73,52271.73
Male,Pogag,61203.01171875,61203.01171875,61203.01,61203.01
Male,Stockholm,50645.5,50645.5,50645.5,50645.5
Male,Guanzhou,77999.9609375,77999.9609375,77999.96,77999.96
Female,Longgang,34565.58984375,34565.58984375,34565.59,34565.59
Female,Los Mangos,15288.1103515625,15288.1103515625,15288.11,15288.11
Male,Auki,66576.9609375,66576.9609375,66576.96,66576.96
Male,Kertamukti,75388.390625,75388.390625,75388.39,75388.39
Female,San Pedro Masahuat,10808.16015625,10808.16015625,10808.16,10808.16
Female,Goulmima,24385.609375,24385.609375,24385.61,24385.61
Male,Banyulegi,75532.796875,75532.796875,75532.8,75532.8
Male,Golina,64656.3984375,64656.3984375,64656.4,64656.4
Female,Storuman,61503.28125,61503.28125,61503.28,61503.28
Male,Botlhapatlou,36392.28125,36392.28125,36392.28,36392.28
Male,Trélissac,46116.359375,46116.359375,46116.36,46116.36
Female,Qiligang,56333.76953125,56333.76953125,56333.77,56333.77
Male,Kiupo,87249.28125,87249.28125,87249.28,87249.28
Male,Konstancin-Jeziorna,27826.1796875,27826.1796875,27826.18,27826.18
Female,Puncakwangi,93689.453125,93689.453125,93689.45,93689.45
Female,Dutsin Ma,15323.099609375,15323.099609375,15323.1,15323.1
Male,Juvisy-sur-Orge,55079.80078125,55079.80078125,55079.8,55079.8
Male,Doloplazy,42590.48828125,42590.48828125,42590.49,42590.49
Female,Foz Sousa,20823.720703125,20823.720703125,20823.72,20823.72
Female,Oxapampa,52047.19921875,52047.19921875,52047.2,52047.2
Male,Polo,49279.80078125,49279.80078125,49279.8,49279.8
Female,Haykashen,76556.5703125,76556.5703125,76556.57,76556.57
Female,Manhete,24265.759765625,24265.759765625,24265.76,24265.76
Female,Parelhas,79334.90625,79334.90625,79334.91,79334.91
Male,Yatsushiro,85517.703125,85517.703125,85517.7,85517.7
Male,Capela,53975.69921875,53975.69921875,53975.7,53975.7
Female,Sioah,95912.4375,95912.4375,95912.44,95912.44
Female,Bulgan,62846.6015625,62846.6015625,62846.6,62846.6
Male,Caxias,99786.3984375,99786.3984375,99786.4,99786.4
Female,Al Bīrah,87905.4296875,87905.4296875,87905.43,87905.43
Female,Baalbek,107504.80078125,53752.400390625,47529.18,59975.62
Female,Tsaghkunk’,83143.3984375,83143.3984375,83143.4,83143.4
Female,Piekoszów,78229.0,78229.0,78229.0,78229.0
Female,San Juan,12584.830078125,12584.830078125,12584.83,12584.83
Female,Vrbno pod Pradědem,45746.109375,45746.109375,45746.11,45746.11
Male,Tarauacá,15800.0595703125,15800.0595703125,15800.06,15800.06
Female,Cimongkor,90053.0234375,90053.0234375,90053.02,90053.02
Male,Bantarpanjang,69188.2265625,69188.2265625,69188.23,69188.23
Female,Chlumčany,26843.859375,26843.859375,26843.86,26843.86
Male,Perico,79520.5,79520.5,79520.5,79520.5
Male,Daet,82058.7890625,82058.7890625,82058.79,82058.79
Male,Kokotów,20350.349609375,20350.349609375,20350.35,20350.35
Male,Guanjiabao,45315.98046875,45315.98046875,45315.98,45315.98
Male,Maru,88916.90625,88916.90625,88916.91,88916.91
Male,São Gonçalo do Amarante,78640.953125,78640.953125,78640.95,78640.95
Male,Zhizhong,10913.5,10913.5,10913.5,10913.5
Male,Verba,62976.140625,62976.140625,62976.14,62976.14
Male,Librazhd-Qendër,32805.16015625,32805.16015625,32805.16,32805.16
Male,Jarash,10210.849609375,10210.849609375,10210.85,10210.85
Female,Mirny,68196.8671875,68196.8671875,68196.87,68196.87
Male,Gaoshi,10101.919921875,10101.919921875,10101.92,10101.92
Female,Boliden,63032.26953125,63032.26953125,63032.27,63032.27
Male,Gomunice,96055.8125,96055.8125,96055.81,96055.81
Female,Sanhui,16395.099609375,16395.099609375,16395.1,16395.1
Female,Myeik,28860.810546875,28860.810546875,28860.81,28860.81
Female,Esik,92021.140625,92021.140625,92021.14,92021.14
Female,Verkhniy Dashkesan,93279.1328125,93279.1328125,93279.13,93279.13
Male,Myadzyel,70260.96875,70260.96875,70260.97,70260.97
Male,Zongzhai,20313.869140625,20313.869140625,20313.87,20313.87
Male,Dijon,81452.921875,81452.921875,81452.92,81452.92
Male,Itabaiana,99502.15625,99502.15625,99502.16,99502.16
Male,Santa Bárbara,94080.078125,94080.078125,94080.08,94080.08
Male,Martyush,51071.578125,51071.578125,51071.58,51071.58
Male,Khyzy,73169.4765625,73169.4765625,73169.48,73169.48
Female,Nyrob,20545.150390625,20545.150390625,20545.15,20545.15
Male,Taifu,87708.3984375,87708.3984375,87708.4,87708.4
Female,København,37744.71875,37744.71875,37744.72,37744.72
Male,Jingling,55594.30859375,55594.30859375,55594.31,55594.31
Female,Dzüyl,28106.509765625,28106.509765625,28106.51,28106.51
Female,Valence,62929.671875,62929.671875,62929.67,62929.67
Female,Gimo,71129.8203125,71129.8203125,71129.82,71129.82
Female,Neochórion,81293.5234375,81293.5234375,81293.52,81293.52
Male,Tiannan,11209.8095703125,11209.8095703125,11209.81,11209.81
Female,Suphan Buri,64920.0703125,64920.0703125,64920.07,64920.07
Male,Zhuqi,38301.578125,38301.578125,38301.58,38301.58
Male,Massaguet,31637.609375,31637.609375,31637.61,31637.61
Female,Chayek,60216.0703125,60216.0703125,60216.07,60216.07
Female,Krasnomayskiy,54941.78125,54941.78125,54941.78,54941.78
Male,Oruro,31940.48046875,31940.48046875,31940.48,31940.48
Female,Kitakata,52024.12109375,52024.12109375,52024.12,52024.12
Male,Jamaica,36978.51171875,36978.51171875,36978.51,36978.51
Female,Lere,70333.4375,70333.4375,70333.44,70333.44
Male,Tartagal,42001.91015625,42001.91015625,42001.91,42001.91
Male,Samal,22930.279296875,22930.279296875,22930.28,22930.28
Male,Wringinputih,98603.8203125,98603.8203125,98603.82,98603.82
Female,Warudoyong,94061.5703125,94061.5703125,94061.57,94061.57
Male,Barusuda,78615.1015625,78615.1015625,78615.1,78615.1
Female,Kahama,27726.380859375,27726.380859375,27726.38,27726.38
Female,Venilale,84589.359375,84589.359375,84589.36,84589.36
Female,Íquira,28989.669921875,28989.669921875,28989.67,28989.67
Male,Sindangheula,62347.03125,62347.03125,62347.03,62347.03
Female,Banepa,67349.25,67349.25,67349.25,67349.25
Male,Mwinilunga,32178.1796875,32178.1796875,32178.18,32178.18
Male,Kharagauli,79247.9375,79247.9375,79247.94,79247.94
Male,Xiaoshi,93817.5078125,93817.5078125,93817.51,93817.51
Male,Chincha Baja,43872.69140625,43872.69140625,43872.69,43872.69
Female,Pho Duc,91952.9296875,91952.9296875,91952.93,91952.93
Male,Thorold,19832.05078125,19832.05078125,19832.05,19832.05
Female,Minakuchi,56605.33984375,56605.33984375,56605.34,56605.34
Female,Vigia,60274.01953125,60274.01953125,60274.02,60274.02
Female,Abéché,93375.1796875,93375.1796875,93375.18,93375.18
Female,Ul,75531.1875,75531.1875,75531.19,75531.19
Male,Banxi,95523.90625,95523.90625,95523.91,95523.91
Male,Hengliang,33361.55859375,33361.55859375,33361.56,33361.56
Female,Juntang,39072.921875,39072.921875,39072.92,39072.92
Female,Yangirabot,17163.529296875,17163.529296875,17163.53,17163.53
Male,Hoorn,14724.400390625,14724.400390625,14724.4,14724.4
Male,Xinsheng,77137.46875,77137.46875,77137.47,77137.47
Male,Irving,26333.16015625,26333.16015625,26333.16,26333.16
Male,Zhosaly,74509.5703125,74509.5703125,74509.57,74509.57
Male,Fox Creek,98138.0,98138.0,98138.0,98138.0
Female,Kafr Zaytā,58421.328125,58421.328125,58421.33,58421.33
Female,Oslo,52060.19921875,52060.19921875,52060.2,52060.2
Male,Cambas,22641.650390625,22641.650390625,22641.65,22641.65
Female,María la Baja,37379.03125,37379.03125,37379.03,37379.03
Female,Driyorejo,87771.84375,87771.84375,87771.84,87771.84
Male,Jincheng,95497.90625,95497.90625,95497.91,95497.91
Male,Rockford,70527.2421875,70527.2421875,70527.24,70527.24
Male,Yashio-shi,82610.8125,82610.8125,82610.81,82610.81
Male,Dahuang,27207.16015625,27207.16015625,27207.16,27207.16
Male,Rokoy,16025.66015625,16025.66015625,16025.66,16025.66
Male,Pariaman,80054.1875,80054.1875,80054.19,80054.19
Female,Yongfeng,86347.6015625,86347.6015625,86347.6,86347.6
Male,Didian,52146.53125,52146.53125,52146.53,52146.53
Female,Bantardawa,22561.7890625,22561.7890625,22561.79,22561.79
Male,São Mamede de Infesta,55111.05859375,55111.05859375,55111.06,55111.06
Female,Gunungmanik,52885.80078125,52885.80078125,52885.8,52885.8
Male,Yongfeng,74102.609375,74102.609375,74102.61,74102.61
Female,Arcangel,69854.1015625,69854.1015625,69854.1,69854.1
Female,Guangdu,69135.8984375,69135.8984375,69135.9,69135.9
Female,Huibu,61707.55078125,61707.55078125,61707.55,61707.55
Male,Hodkovičky,60052.69921875,60052.69921875,60052.7,60052.7
Male,Xiying,49795.0390625,49795.0390625,49795.04,49795.04
Female,Leshukonskoye,15428.490234375,15428.490234375,15428.49,15428.49
Male,Lungmar,31406.560546875,31406.560546875,31406.56,31406.56
Female,Moulins,136687.703125,68343.8515625,67625.07,69062.63
Male,Borodino,52742.609375,52742.609375,52742.61,52742.61
Male,Dallas,55870.408203125,27935.2041015625,19771.76,36098.65
Male,Jiazhuang,97359.140625,97359.140625,97359.14,97359.14
Male,Paderne,44332.94140625,44332.94140625,44332.94,44332.94
Male,Fāraskūr,16800.3203125,16800.3203125,16800.32,16800.32
Female,Patulul,31349.44921875,31349.44921875,31349.45,31349.45
Female,Xiuying,87031.4609375,87031.4609375,87031.46,87031.46
Female,Lyaskovets,95106.34375,95106.34375,95106.34,95106.34
Male,Gjoa Haven,68943.4375,68943.4375,68943.44,68943.44
Female,Nowa Ruda,57438.1796875,57438.1796875,57438.18,57438.18
Female,Yacuiba,92180.9296875,92180.9296875,92180.93,92180.93
Female,Iwŏn-ŭp,37169.9609375,37169.9609375,37169.96,37169.96
Female,Vaudreuil-Dorion,73521.6484375,73521.6484375,73521.65,73521.65
Female,Camabatela,12872.849609375,12872.849609375,12872.85,12872.85
Female,Pak Thong Chai,52647.1796875,52647.1796875,52647.18,52647.18
Male,Sukaraja,52745.58984375,52745.58984375,52745.59,52745.59
Male,Borek,64010.640625,64010.640625,64010.64,64010.64
Male,Nao,14007.419921875,14007.419921875,14007.42,14007.42
Male,Malishka,76783.4765625,76783.4765625,76783.48,76783.48
Female,Radovitskiy,97060.1328125,97060.1328125,97060.13,97060.13
Female,Ubon Ratchathani,48945.3984375,48945.3984375,48945.4,48945.4
Male,Lunec,82423.7109375,82423.7109375,82423.71,82423.71
Male,Mehona,92313.859375,92313.859375,92313.86,92313.86
Female,Slatyne,88029.109375,88029.109375,88029.11,88029.11
Male,Spas-Zaulok,41604.671875,41604.671875,41604.67,41604.67
Male,San Agustín,46495.21875,46495.21875,46495.22,46495.22
Female,Fanrong,17017.099609375,17017.099609375,17017.1,17017.1
Male,Toledo,14761.91015625,14761.91015625,14761.91,14761.91
Male,Shūsh,88389.5625,88389.5625,88389.56,88389.56
Female,Kaduketug,79148.9765625,79148.9765625,79148.98,79148.98
Male,Niños Heroes,41345.69140625,41345.69140625,41345.69,41345.69
Male,Guanyang,56567.30859375,56567.30859375,56567.31,56567.31
Female,Sterlibashevo,26910.640625,26910.640625,26910.64,26910.64
Male,Ngã Bảy,25805.880859375,25805.880859375,25805.88,25805.88
Female,Montréal,38003.96875,38003.96875,38003.97,38003.97
Female,Maraã,57631.19140625,57631.19140625,57631.19,57631.19
Male,Yongning,90015.8671875,90015.8671875,90015.87,90015.87
Male,Tembayangan Barat,69147.7421875,69147.7421875,69147.74,69147.74
Female,Agios Dimitrios,32930.55078125,32930.55078125,32930.55,32930.55
Female,Wujia,81269.3125,81269.3125,81269.31,81269.31
Male,Xiaozhai,36990.609375,36990.609375,36990.61,36990.61
Male,Czarna Woda,21850.509765625,21850.509765625,21850.51,21850.51
Male,Kiten,63882.55859375,63882.55859375,63882.56,63882.56
Female,Reckange-sur-Mess,15589.5595703125,15589.5595703125,15589.56,15589.56
Male,Benito Juarez,82380.59375,82380.59375,82380.59,82380.59
Female,Mina Clavero,62252.359375,62252.359375,62252.36,62252.36
Female,Ccuntuma,61462.01171875,61462.01171875,61462.01,61462.01
Female,Pingle,91516.53125,91516.53125,91516.53,91516.53
Female,Kerema,44317.1015625,44317.1015625,44317.1,44317.1
Male,Aiquile,63039.2109375,63039.2109375,63039.21,63039.21
Female,Fontenay-sous-Bois,23725.490234375,23725.490234375,23725.49,23725.49
Female,Chaviña,70794.3203125,70794.3203125,70794.32,70794.32
Male,Derzhavīnsk,18182.91015625,18182.91015625,18182.91,18182.91
Male,Ibara,22366.4296875,22366.4296875,22366.43,22366.43
Female,Orong,47962.05078125,47962.05078125,47962.05,47962.05
Male,Sukorambi,20017.609375,20017.609375,20017.61,20017.61
Male,Rosso,36879.44140625,36879.44140625,36879.44,36879.44
Female,Mariano Moreno,11376.580078125,11376.580078125,11376.58,11376.58
Male,Caen,81237.2109375,81237.2109375,81237.21,81237.21
Female,Pysznica,31466.580078125,31466.580078125,31466.58,31466.58
Female,Dschang,39262.9609375,39262.9609375,39262.96,39262.96
Male,Kamālia,46879.328125,46879.328125,46879.33,46879.33
Male,Atlanta,25929.9296875,25929.9296875,25929.93,25929.93
Female,Kęty,44224.8984375,44224.8984375,44224.9,44224.9
Female,Karma,27633.30078125,27633.30078125,27633.3,27633.3
Male,Habingkloang,56892.96875,56892.96875,56892.97,56892.97
Female,Yuncheng,17959.150390625,17959.150390625,17959.15,17959.15
Male,Shuangjiang,29673.009765625,29673.009765625,29673.01,29673.01
Male,Mieścisko,44947.12109375,22473.560546875,18907.81,26039.31
Female,Gerong,58172.73046875,58172.73046875,58172.73,58172.73
Male,Aveleda,35409.578125,35409.578125,35409.58,35409.58
Male,Wangshi,17529.3203125,17529.3203125,17529.32,17529.32
Male,Lachute,11926.3095703125,11926.3095703125,11926.31,11926.31
Male,Guiping,28755.529296875,28755.529296875,28755.53,28755.53
Female,Nunhala,70577.1328125,70577.1328125,70577.13,70577.13
Female,Lanigan,88604.390625,88604.390625,88604.39,88604.39
Male,Muyinga,91370.90625,91370.90625,91370.91,91370.91
Male,El Monte,85623.28125,85623.28125,85623.28,85623.28
Male,Pavlogradka,66158.8515625,66158.8515625,66158.85,66158.85
Female,Shar’ya,63188.6484375,63188.6484375,63188.65,63188.65
Male,Garbów,27445.9296875,27445.9296875,27445.93,27445.93
Female,Dalongzhan,36352.51171875,36352.51171875,36352.51,36352.51
Female,St. Thomas,16987.330078125,16987.330078125,16987.33,16987.33
Female,Tân Hiệp,51871.30859375,51871.30859375,51871.31,51871.31
Male,Rama,34944.80078125,34944.80078125,34944.8,34944.8
Female,Heliconia,89959.96875,89959.96875,89959.97,89959.97
Female,Tabālah,60641.75,60641.75,60641.75,60641.75
Female,Bené Beraq,74349.578125,74349.578125,74349.58,74349.58
Male,Brčko,23825.5390625,23825.5390625,23825.54,23825.54
Female,Dzaoudzi,65520.44921875,65520.44921875,65520.45,65520.45
Male,Krajan Siki,28660.109375,28660.109375,28660.11,28660.11
Male,East London,41468.828125,41468.828125,41468.83,41468.83
Female,Nangewer,70062.7265625,70062.7265625,70062.73,70062.73
Male,Bambous Virieux,96856.7265625,96856.7265625,96856.73,96856.73
Female,Al Mukallā,12468.7001953125,12468.7001953125,12468.7,12468.7
Female,Tasikmalaya,65785.15625,65785.15625,65785.16,65785.16
Female,Companhia de Baixo,83137.2421875,83137.2421875,83137.24,83137.24
Male,Houmt Souk,79870.3984375,79870.3984375,79870.4,79870.4
Female,Kurayoshi,32665.890625,32665.890625,32665.89,32665.89
Female,Senta,55175.87890625,55175.87890625,55175.88,55175.88
Male,Góra,37925.5703125,37925.5703125,37925.57,37925.57
Female,Buena Vista,85861.328125,85861.328125,85861.33,85861.33
Male,Inuyama,35134.87890625,35134.87890625,35134.88,35134.88
Female,Kozloduy,14866.419921875,14866.419921875,14866.42,14866.42
Male,Kham Sakae Saeng,11630.9501953125,11630.9501953125,11630.95,11630.95
Male,Dongshan,74449.5703125,74449.5703125,74449.57,74449.57
Female,Kenamoen,69631.2890625,69631.2890625,69631.29,69631.29
Male,Yuanqiao,72247.296875,72247.296875,72247.3,72247.3
Male,Kandete,96174.9375,96174.9375,96174.94,96174.94
Male,Bugarama,90470.1796875,90470.1796875,90470.18,90470.18
Female,Concepción,11824.51953125,11824.51953125,11824.52,11824.52
Male,Xiangdong,74615.1796875,74615.1796875,74615.18,74615.18
Female,Khorosheve,43603.83984375,43603.83984375,43603.84,43603.84
Female,Macarse,68709.0234375,68709.0234375,68709.02,68709.02
Female,Bang Yai,39999.73046875,39999.73046875,39999.73,39999.73
Female,Tadotsu,55595.30078125,55595.30078125,55595.3,55595.3
Female,Al ‘Udayn,38544.5703125,38544.5703125,38544.57,38544.57
Male,Kolochava,51590.578125,51590.578125,51590.58,51590.58
Female,Il’ichëvo,43503.55859375,43503.55859375,43503.56,43503.56
Male,Dobrica,59318.890625,59318.890625,59318.89,59318.89
Male,Maple Ridge,75660.3515625,75660.3515625,75660.35,75660.35
Female,Jinsha,63954.51953125,63954.51953125,63954.52,63954.52
Male,Wanglinkou,13300.919921875,13300.919921875,13300.92,13300.92
Male,Grytviken,66235.171875,66235.171875,66235.17,66235.17
Female,Welisara,48376.421875,48376.421875,48376.42,48376.42
Male,Magtangol,72072.9296875,72072.9296875,72072.93,72072.93
Female,Kabīrwāla,82044.0,82044.0,82044.0,82044.0
Female,Kýthnos,80548.359375,80548.359375,80548.36,80548.36
Female,Itami,94566.6875,94566.6875,94566.69,94566.69
Female,Pećigrad,19415.080078125,19415.080078125,19415.08,19415.08
Male,Jiyang,111250.42578125,55625.212890625,41273.88,69976.55
Male,Banjar Tengahbelayu,41031.9609375,41031.9609375,41031.96,41031.96
Female,Zhujiang,30786.33984375,30786.33984375,30786.34,30786.34
Male,Sujiazhuang,23901.140625,23901.140625,23901.14,23901.14
Female,Youwei,64311.30859375,64311.30859375,64311.31,64311.31
Male,Zheyuan,55844.6015625,55844.6015625,55844.6,55844.6
Female,Nouaseur,36268.6484375,36268.6484375,36268.65,36268.65
Female,Xiadian,77354.3515625,77354.3515625,77354.35,77354.35
Female,Calibishie,19180.7890625,19180.7890625,19180.79,19180.79
Female,Dogonbadan,77957.2421875,77957.2421875,77957.24,77957.24
Female,Boracéia,64899.19140625,64899.19140625,64899.19,64899.19
Male,Pinaring,72105.5,72105.5,72105.5,72105.5
Female,Zheleznogorsk,18453.01953125,18453.01953125,18453.02,18453.02
Male,Cocachacra,90391.7109375,90391.7109375,90391.71,90391.71
Male,Ribeirão das Neves,37574.140625,37574.140625,37574.14,37574.14
Female,Khāngāh Dogrān,95247.140625,95247.140625,95247.14,95247.14
Female,Hägersten,93673.2421875,93673.2421875,93673.24,93673.24
Female,Dawusu,34888.69921875,34888.69921875,34888.7,34888.7
Female,Mombok,16810.19921875,16810.19921875,16810.2,16810.2
Male,Torslanda,66504.421875,66504.421875,66504.42,66504.42
Male,Majāz al Bāb,67858.4765625,67858.4765625,67858.48,67858.48
Female,Tabant,29107.0,29107.0,29107.0,29107.0
Male,Idkū,27630.75,27630.75,27630.75,27630.75
Female,Salamnunggal,97140.859375,97140.859375,97140.86,97140.86
Male,Chishtiān Mandi,18229.9296875,18229.9296875,18229.93,18229.93
Female,Jabungsisir,91925.078125,91925.078125,91925.08,91925.08
Male,Ddmashen,34851.6484375,34851.6484375,34851.65,34851.65
Male,Kouvola,68685.75,68685.75,68685.75,68685.75
Male,Caridad,88700.6875,88700.6875,88700.69,88700.69
Male,Šmartno pri Litiji,35287.30859375,35287.30859375,35287.31,35287.31
Female,Bangbayang Kaler,99944.046875,99944.046875,99944.05,99944.05
Male,Kaélé,78367.859375,78367.859375,78367.86,78367.86
Female,Severo-Zadonsk,30192.08984375,30192.08984375,30192.09,30192.09
Female,Jarošov nad Nežárkou,82905.578125,82905.578125,82905.58,82905.58
Male,Oinoússes,41038.16015625,41038.16015625,41038.16,41038.16
Female,Bontoc,84727.609375,84727.609375,84727.61,84727.61
Male,Seredka,57257.03125,57257.03125,57257.03,57257.03
Male,Gostyń,34110.2109375,34110.2109375,34110.21,34110.21
Male,Nysa,81008.40625,81008.40625,81008.41,81008.41
Male,Secunda,21326.73046875,21326.73046875,21326.73,21326.73
Female,Arys,55981.2109375,55981.2109375,55981.21,55981.21
Female,Marigot,51961.98046875,51961.98046875,51961.98,51961.98
Female,Mranggen,68556.6875,68556.6875,68556.69,68556.69
Male,Sobang,94147.6484375,94147.6484375,94147.65,94147.65
Male,Nanjie,32671.900390625,32671.900390625,32671.9,32671.9
